capture,timestamp,id,cluster,level,pick_order,pickable,x_m,y_m,z_m,qw,qx,qy,qz,roll_deg,pitch_deg,yaw_deg,yaw_conveyor_deg,length_mm,width_mm,height_mm,top_height_mm,tilt_deg,residual_rms_mm,residual_p95_mm,coverage,n_points,face_inliers,dominant_camera_fraction,single_view,on_conveyor,height_inferred,support_height_mm,neighbour_gap_mm,blocked_by,blocking_reasons,cautions
1,2026-08-10T16:49:20+02:00,0,0,0,7,1,1.45209,-0.25578,3.14603,0.736026,0.11494,0.088585,0.661216,16.64,-1.24,83.69,83.69,387.2,102.3,844.5,844.5,16.59,2.67,5.22,0.946,3395,1018,0.3,0,1,0,0.0,16.8,,,
1,2026-08-10T16:49:20+02:00,1,1,0,4,1,1.43735,-0.70758,3.14502,0.717361,0.004541,0.013803,0.69655,1.48,0.77,88.32,88.32,366.0,146.3,849.9,849.9,1.3,3.23,5.72,0.707,2601,1319,0.359,0,1,0,0.0,-56.4,,,
1,2026-08-10T16:49:20+02:00,2,4,0,29,1,1.13289,0.1617,3.9376,0.788945,-0.013405,0.012675,-0.614187,-2.1,0.2,-75.8,-75.8,85.0,84.4,50.1,50.1,1.89,2.94,5.3,0.844,334,210,0.299,0,1,0,0.0,-50.1,,,
1,2026-08-10T16:49:20+02:00,3,6,0,26,1,1.2416,-0.2032,3.93749,0.784943,-0.011062,-2.6e-05,-0.619469,-0.99,-0.79,-76.55,-76.56,164.0,67.5,53.4,53.4,0.72,3.31,4.91,0.964,492,388,0.309,0,1,0,0.0,40.3,,,
1,2026-08-10T16:49:20+02:00,4,10,0,31,1,1.09931,-0.00016,3.94034,0.708014,0.072812,0.063072,0.699597,11.03,-0.72,89.25,89.25,356.7,105.5,49.1,49.1,10.9,3.4,5.68,0.774,1412,887,0.292,0,1,0,0.0,-50.1,,,
1,2026-08-10T16:49:20+02:00,5,19,0,25,1,1.23996,-0.51028,3.9387,0.722203,-0.025281,0.032375,-0.69046,-4.66,0.68,-87.45,-87.45,274.8,131.2,55.1,55.1,4.59,3.28,5.52,0.901,1553,1013,0.293,0,1,0,0.0,2.9,,,only 3 mm to the nearest parcel
1,2026-08-10T16:49:20+02:00,6,20,0,21,1,1.34599,-0.95266,3.93051,0.992044,0.004879,0.046617,-0.116841,-0.07,5.37,-13.44,-13.38,136.8,114.1,67.2,67.2,5.32,3.25,5.84,0.85,652,398,0.282,0,1,0,0.0,-41.7,,,
1,2026-08-10T16:49:20+02:00,7,21,0,22,1,1.48124,-1.17685,3.93783,0.993215,-0.022804,3.6e-05,-0.114033,-2.6,-0.29,-13.09,-13.09,352.5,174.2,61.5,61.5,2.04,2.95,5.69,0.667,1907,1141,0.307,0,1,0,0.0,-15.6,,,
1,2026-08-10T16:49:20+02:00,8,22,0,23,1,1.24523,-0.80387,3.93972,0.736947,-0.008287,0.012667,-0.675781,-1.68,0.43,-85.05,-85.04,286.1,128.8,56.9,56.9,1.72,3.5,5.87,0.761,1260,1040,0.298,0,1,0,0.0,-41.7,,,
1,2026-08-10T16:49:20+02:00,9,25,0,28,1,1.12401,-0.45753,3.94197,0.755121,0.006535,-0.015019,-0.655381,1.69,-0.81,-81.92,-81.92,178.2,70.6,51.8,51.8,2.0,2.82,5.7,0.867,477,379,0.321,0,1,0,0.0,-6.5,,,
1,2026-08-10T16:49:20+02:00,10,27,0,30,1,1.10726,-0.70391,3.94659,0.707026,0.010876,0.018801,0.706854,2.4,0.64,90.0,90.0,319.5,131.8,49.6,49.6,2.19,3.11,5.24,0.909,1781,1276,0.305,0,1,0,0.0,-6.5,,,
1,2026-08-10T16:49:20+02:00,11,34,0,24,1,1.26644,-1.23587,3.94417,0.986474,-0.028925,-0.004104,-0.161293,-3.2,-1.0,-18.54,-18.55,153.8,73.0,56.6,56.6,2.8,3.17,5.58,0.769,433,367,0.309,0,1,0,0.0,-15.6,,,
1,2026-08-10T16:49:20+02:00,12,38,0,27,1,1.09267,-1.01951,3.94699,0.708358,0.046293,0.03431,0.703498,6.54,-0.95,89.55,89.56,262.1,108.9,52.3,52.3,6.5,3.3,5.57,0.795,1240,667,0.283,0,1,0,0.0,24.6,,,
1,2026-08-10T16:49:20+02:00,13,45,0,1,1,0.38738,0.2197,3.13144,0.752862,0.059952,0.099456,-0.647852,-2.27,13.15,-81.69,-81.62,105.7,100.2,858.5,858.5,13.8,2.91,5.4,0.864,546,271,0.304,0,1,0,0.0,256.0,,,
1,2026-08-10T16:49:20+02:00,14,48,0,5,1,0.39198,-0.18429,3.14458,0.999408,-0.00509,-0.013623,-0.031186,-0.53,-1.58,-3.57,-3.58,201.2,172.1,849.2,849.2,1.76,3.39,5.6,0.812,1737,911,0.348,0,1,0,0.0,2.6,,,only 3 mm to the nearest parcel
1,2026-08-10T16:49:20+02:00,15,49,0,8,1,0.3964,-0.39508,3.15584,0.746203,-0.014834,0.020472,0.665239,0.29,2.88,83.44,83.44,236.1,141.4,840.0,840.0,2.31,3.0,5.41,0.871,1657,918,0.36,0,1,0,0.0,2.6,,,only 3 mm to the nearest parcel
1,2026-08-10T16:49:20+02:00,16,53,0,17,1,0.38313,-0.68636,3.17819,0.803802,0.010858,0.007082,-0.594755,0.52,1.39,-72.99,-72.98,220.4,150.6,820.5,820.5,2.06,3.16,5.38,0.838,1803,887,0.36,0,1,0,0.0,42.1,,,
1,2026-08-10T16:49:20+02:00,17,58,0,16,1,0.36778,-1.01192,3.17853,0.987508,0.01678,-0.017932,0.155643,1.58,-2.33,17.88,17.86,151.9,87.3,823.4,823.4,3.39,2.87,5.4,0.712,534,330,0.331,0,1,0,0.0,-16.4,,,
1,2026-08-10T16:49:20+02:00,18,61,0,19,1,0.35667,-1.22492,3.18948,0.998893,-0.015826,0.000184,-0.044306,-1.81,-0.06,-5.08,-5.08,226.3,74.8,814.5,814.5,1.26,3.15,5.48,0.714,699,430,0.352,0,1,0,0.0,22.3,,,
1,2026-08-10T16:49:20+02:00,19,62,0,15,1,0.3638,-1.09026,3.17856,0.994123,-0.106203,0.015475,-0.014192,-12.22,1.59,-1.81,-1.79,143.7,57.6,824.1,824.1,11.74,2.91,5.59,0.933,440,242,0.298,0,1,0,0.0,-16.4,,,
1,2026-08-10T16:49:20+02:00,20,63,0,18,1,0.35623,-1.3274,3.18807,0.991147,0.131806,0.004132,0.015401,15.15,0.24,1.81,1.81,215.4,61.6,816.9,816.9,15.7,3.09,5.15,0.861,682,404,0.374,0,1,0,0.0,3.0,,,only 3 mm to the nearest parcel
1,2026-08-10T16:49:20+02:00,21,64,0,0,1,0.06131,-0.9099,3.01259,0.999836,-0.002221,-0.01666,-0.00681,-0.24,-1.91,-0.78,-0.79,361.0,351.7,989.4,989.4,2.14,3.31,5.68,0.972,7988,5543,0.366,0,1,0,0.0,41.0,,,
1,2026-08-10T16:49:20+02:00,22,65,0,20,1,0.34291,-1.41822,3.19237,0.999577,0.026923,0.008238,-0.007226,3.08,0.97,-0.8,-0.79,186.9,107.3,813.5,813.5,3.71,3.36,5.67,0.847,868,560,0.373,0,1,0,0.0,3.0,,,only 3 mm to the nearest parcel
1,2026-08-10T16:49:20+02:00,23,66,0,9,1,-0.12828,0.10479,3.15547,0.987143,-0.159236,0.010773,-0.008753,-18.34,1.06,-1.19,-1.18,95.4,80.8,837.5,837.5,17.8,3.37,5.46,0.911,347,252,0.314,0,1,0,0.0,2.4,,,only 2 mm to the nearest parcel
1,2026-08-10T16:49:20+02:00,24,68,0,3,1,-0.18129,0.00918,3.14372,0.988026,-0.145716,-0.024245,0.044541,-16.87,-2.0,5.46,5.44,198.7,92.6,850.3,850.3,16.5,3.21,5.61,0.801,994,434,0.321,0,1,0,0.0,-7.4,,,
1,2026-08-10T16:49:20+02:00,25,69,0,11,1,-0.21991,0.27437,3.15839,0.7864,-0.067553,-0.067443,-0.610298,-1.4,-10.87,-75.49,-75.56,93.1,87.4,833.3,833.3,10.44,3.13,5.33,0.859,390,242,0.31,0,1,0,0.0,-20.1,,,
1,2026-08-10T16:49:20+02:00,26,71,0,10,1,-0.21816,0.19179,3.15574,0.950811,0.070405,-0.022476,-0.300826,8.48,-0.02,-35.12,-35.11,104.7,77.9,836.7,836.7,9.05,3.48,5.79,0.857,374,207,0.34,0,1,0,0.0,-20.1,,,
1,2026-08-10T16:49:20+02:00,27,72,0,6,1,-0.2477,-0.31106,3.15121,0.766784,-0.027767,-0.013863,0.641155,-3.46,0.82,79.78,79.78,529.5,208.4,846.2,846.2,3.58,3.26,5.63,0.736,5796,2277,0.305,0,1,0,0.0,-7.4,,,
1,2026-08-10T16:49:20+02:00,28,74,0,12,1,-0.22916,-0.72905,3.17002,0.71476,0.02139,-0.059847,-0.696476,6.55,-3.2,-88.7,-88.71,235.9,129.4,831.4,831.4,7.28,3.34,5.67,0.859,1714,804,0.293,0,1,0,0.0,20.3,,,
1,2026-08-10T16:49:20+02:00,29,75,0,13,1,-0.22218,-0.91554,3.17415,0.995818,-0.090998,-0.006009,-0.005395,-10.44,-0.74,-0.55,-0.56,114.3,90.7,829.0,829.0,9.93,3.39,5.7,0.85,544,320,0.281,0,1,0,0.0,-6.8,,,
1,2026-08-10T16:49:20+02:00,30,76,0,14,1,-0.24802,-0.99575,3.17752,0.998165,-0.008287,-0.042239,0.042599,-1.16,-4.8,4.94,4.89,134.3,72.8,826.5,826.5,5.09,3.2,5.36,0.702,407,230,0.31,0,1,0,0.0,-6.8,,,
1,2026-08-10T16:49:20+02:00,31,87,0,2,1,1.4553,-0.52531,3.13858,0.70979,0.065597,0.054452,0.699236,9.75,-0.83,89.07,89.08,111.4,57.7,854.5,854.5,9.64,3.38,5.4,0.7,378,179,0.339,0,1,0,0.0,-56.4,,,
