frame,t_s,out_hz_rolling,sync_spread_ms,assemble_ms,inference_ms,correct_ms,preview_ms,cycle_ms,is_metric,affine_applied,fx_ratio_left,fx_ratio_center,fx_ratio_right,fx_ratio_top,offset_mm_left,offset_mm_center,offset_mm_right,offset_mm_top,median_depth_left,median_depth_center,median_depth_right,median_depth_top,in_fps_left,in_fps_center,in_fps_right,in_fps_top,acquired_left,acquired_center,acquired_right,acquired_top,consumed_left,consumed_center,consumed_right,consumed_top,incomplete_left,incomplete_center,incomplete_right,incomplete_top,discard_fraction,sync_rejections,captures
0,1.4086,0.0,110.799,0.039,1313.302,46.835,39.487,1408.541,1,0,1.0,1.0,1.0,1.0,9.308,0.0,12.618,52.871,3.5181,3.4424,3.4572,3.9892,7.011,8.409,7.052,6.375,10,9,7,9,1,1,1,1,0,0,0,0,0.8857,0,0
1,2.7735,0.7219,86.746,0.034,1282.477,54.957,22.627,1364.747,1,0,1.0,1.0,1.0,1.0,9.366,0.0,12.581,51.684,3.5416,3.4615,3.4713,4.0066,7.068,7.175,6.608,6.727,19,18,16,19,2,2,2,2,0,0,0,0,0.8889,0,0
2,4.1157,0.7368,129.044,0.033,1277.235,23.705,35.601,1342.071,1,0,1.0,1.0,1.0,1.0,9.8,0.0,12.358,51.279,3.5194,3.4586,3.4622,3.9878,6.804,7.124,6.491,6.589,28,27,24,27,3,3,3,3,0,0,0,0,0.8868,0,0
3,5.4787,0.7335,72.663,0.039,1307.016,28.135,22.799,1362.855,1,0,1.0,1.0,1.0,1.0,10.406,0.0,12.529,50.6,3.526,3.4569,3.4662,4.0017,6.667,7.1,6.245,6.333,37,37,32,35,4,4,4,4,0,0,0,0,0.8857,0,0
4,6.8661,0.7315,83.768,0.033,1304.193,44.925,31.657,1387.307,1,0,1.0,1.0,1.0,1.0,9.703,0.0,12.399,50.716,3.5272,3.4573,3.4656,4.002,6.598,6.913,6.365,6.469,45,46,40,44,5,5,5,5,0,0,0,0,0.8857,0,0
5,8.1821,0.7359,243.846,0.032,1241.161,47.538,21.835,1315.74,1,0,1.0,1.0,1.0,1.0,9.576,0.0,11.682,48.708,3.508,3.4537,3.4649,3.9799,6.672,6.949,6.131,6.433,54,55,48,53,6,6,6,6,0,0,0,0,0.8857,0,0
6,9.6525,0.7387,139.78,0.033,1271.721,28.253,164.217,1470.277,1,0,1.0,1.0,1.0,1.0,9.619,0.0,11.043,48.829,3.5141,3.451,3.4591,3.9778,6.629,6.86,6.164,6.43,64,65,57,62,7,7,7,7,0,0,0,0,0.8848,0,0
7,12.1286,0.7267,105.337,0.039,1309.419,31.745,1126.484,2475.9,1,0,1.0,1.0,1.0,1.0,9.998,0.0,11.468,48.798,3.5191,3.4482,3.4589,3.9919,6.625,6.809,6.183,6.393,80,81,73,78,8,8,8,8,0,0,0,0,0.8857,0,0
8,13.5455,0.6589,120.659,0.041,1342.617,29.616,39.102,1415.73,1,0,1.0,1.0,1.0,1.0,10.206,0.0,11.778,48.336,3.5163,3.4488,3.4624,4.0017,6.595,6.832,6.196,6.384,89,91,82,87,9,9,9,9,0,0,0,0,0.8963,0,0
9,14.9297,0.6662,128.653,0.034,1289.66,35.963,45.711,1384.079,1,0,1.0,1.0,1.0,1.0,10.426,0.0,10.058,47.325,3.5199,3.4525,3.4534,3.9856,6.569,6.85,6.202,6.375,98,101,90,95,10,10,10,10,0,0,0,0,0.8956,0,0
10,16.3167,0.6704,108.773,0.032,1301.31,45.338,34.835,1386.789,1,0,1.0,1.0,1.0,1.0,10.184,0.0,10.403,47.23,3.5161,3.4564,3.4552,4.0071,6.544,6.806,6.216,6.307,107,109,99,103,11,11,11,11,0,0,0,0,0.8947,0,0
11,17.6555,0.6762,84.978,0.036,1279.251,31.246,23.97,1338.661,1,0,1.0,1.0,1.0,1.0,10.234,0.0,10.271,47.924,3.5129,3.4453,3.4504,3.9793,6.585,6.824,6.227,6.305,116,119,108,111,12,12,12,12,0,0,0,0,0.894,0,0
12,22.1865,0.5776,73.093,0.035,1433.508,39.335,37.95,1523.571,1,0,1.0,1.0,1.0,1.0,8.708,0.0,10.265,46.961,3.54,3.4703,3.468,4.0049,6.456,6.596,6.113,6.16,144,147,134,138,13,13,13,13,0,0,0,0,0.9075,0,1
13,23.5594,0.5867,119.077,0.032,1297.729,34.895,35.556,1372.718,1,0,1.0,1.0,1.0,1.0,8.637,0.0,10.336,46.513,3.5146,3.4551,3.4599,3.9901,6.434,6.543,6.167,6.345,152,155,144,148,14,14,14,14,0,0,0,0,0.9065,0,1
14,24.9712,0.5943,77.37,0.036,1312.208,46.318,36.722,1411.72,1,0,1.0,1.0,1.0,1.0,9.79,0.0,11.141,48.262,3.5291,3.4634,3.4656,3.9889,6.508,6.602,6.307,6.372,161,165,154,158,15,15,15,15,0,0,0,0,0.9058,0,1
15,26.3224,0.6024,159.449,0.034,1256.073,34.431,39.971,1351.033,1,0,1.0,1.0,1.0,1.0,9.872,0.0,10.573,47.246,3.5421,3.4786,3.4734,4.0141,6.394,6.539,6.301,6.387,170,174,161,167,16,16,16,16,0,0,0,0,0.9046,0,1
16,27.6662,0.6093,123.649,0.038,1250.945,47.74,36.111,1343.601,1,0,1.0,1.0,1.0,1.0,9.29,0.0,10.703,47.241,3.5121,3.4499,3.4542,3.9695,6.393,6.601,6.319,6.341,178,183,170,176,17,17,17,17,0,0,0,0,0.9038,0,1
17,32.1024,0.5541,73.329,0.037,1378.323,41.426,38.321,1479.09,1,0,1.0,1.0,1.0,1.0,9.23,0.0,11.359,48.191,3.5328,3.4642,3.469,4.0063,6.282,6.443,6.297,6.393,206,210,198,205,18,18,18,18,0,0,0,0,0.912,0,2
18,34.1325,0.5606,114.59,0.034,1347.894,19.705,657.897,2029.789,1,0,1.0,1.0,1.0,1.0,8.303,0.0,11.473,48.653,3.5133,3.4488,3.4554,3.9868,6.387,6.442,6.348,6.534,219,224,211,218,19,19,19,19,0,0,0,0,0.911,0,2
