backproject_ms,backproject_pct,failed,fps,grid,infer_self_ms,inference_ms,inference_pct,n_cams,peak_mem_mb,rectify_ms,rectify_pct,res,subset,total_ms
131.67,15.2,False,1.15,420x504,659.37,659.54,76.0,3,7782.0,76.13,8.8,504,center+left+top,867.34
265.72,16.3,False,0.61,588x700,1299.21,1299.49,79.5,3,8971.0,69.91,4.3,700,center+left+top,1635.12
477.46,13.7,False,0.29,840x1008,2954.82,2955.7,84.6,3,11565.2,58.53,1.7,1008,center+left+top,3491.69
1074.69,11.1,False,0.1,1260x1512,8557.01,8557.07,88.4,3,17866.7,46.31,0.5,1512,center+left+top,9678.07
1885.01,8.3,False,0.04,1680x2002,20799.43,20799.48,91.5,3,26554.8,46.18,0.2,2002,center+left+top,22730.66
3242.2,7.3,False,0.02,2044x2450,41241.28,41241.56,92.6,3,43634.4,69.91,0.2,2450,center+left+top,44553.67
151.26,17.2,False,1.14,420x504,651.84,652.0,74.1,3,7783.1,76.91,8.7,504,center+top+right,880.17
235.15,14.6,False,0.62,588x700,1305.94,1308.3,81.1,3,8972.0,68.83,4.3,700,center+top+right,1612.28
502.59,14.2,False,0.28,840x1008,2962.7,2963.96,83.8,3,11566.1,70.95,2.0,1008,center+top+right,3537.5
1054.5,10.9,False,0.1,1260x1512,8546.87,8546.92,88.6,3,17867.4,50.4,0.5,1512,center+top+right,9651.82
1936.68,8.5,False,0.04,1680x2002,20821.37,20821.42,91.3,3,26555.2,48.27,0.2,2002,center+top+right,22806.37
3248.89,7.3,False,0.02,2044x2450,41365.95,41366.37,92.6,3,43634.4,62.34,0.1,2450,center+top+right,44677.61
133.81,15.6,False,1.17,420x504,645.64,645.84,75.5,3,7783.1,75.62,8.8,504,left+top+right,855.26
236.82,14.7,False,0.62,588x700,1305.14,1305.48,81.1,3,8972.0,67.91,4.2,700,left+top+right,1610.21
489.96,13.9,False,0.28,840x1008,2956.77,2957.96,84.2,3,11566.1,66.48,1.9,1008,left+top+right,3514.4
1040.53,10.8,False,0.1,1260x1512,8564.19,8564.25,88.7,3,17867.4,50.54,0.5,1512,left+top+right,9655.32
1933.91,8.5,False,0.04,1680x2002,20831.25,20831.3,91.3,3,26555.2,56.44,0.2,2002,left+top+right,22821.65
3245.48,7.3,False,0.02,2044x2450,41333.21,41333.26,92.6,3,43634.4,66.17,0.1,2450,left+top+right,44644.9
182.93,16.3,False,0.89,420x504,858.29,858.46,76.4,4,8168.2,81.96,7.3,504,center+left+top+right,1123.35
312.63,14.6,False,0.47,588x700,1750.72,1751.12,81.8,4,9722.8,77.83,3.6,700,center+left+top+right,2141.59
597.19,12.5,False,0.21,840x1008,4114.77,4116.37,85.9,4,13106.9,79.78,1.7,1008,center+left+top+right,4793.33
1418.51,10.2,False,0.07,1260x1512,12365.61,12365.66,89.3,4,21339.7,64.45,0.5,1512,center+left+top+right,13848.62
2549.27,7.2,False,0.03,1680x2002,32900.19,32900.24,92.6,4,39755.2,61.21,0.2,2002,center+left+top+right,35510.71
26223.21,29.2,False,0.01,2044x2450,63447.16,63447.34,70.7,4,53236.6,82.91,0.1,2450,center+left+top+right,89753.46
